<odoo>
    <data noupdate="1">

      <record model="ir.module.category" id="module_category_sparkit">
        <field name="name">SparkIt</field>
        <field name="description">User groups for SparkIt module</field>
        <field name="sequence">1</field>
      </record>

     <record id="facilitator" model="res.groups">
       <field name="name">Facilitator</field>
       <field name="category_id" ref="module_category_sparkit"/>
      </record>

      <record id="program_manager" model="res.groups">
        <field name="name">Program Manager</field>
        <field name="category_id" ref="module_category_sparkit"/>
      </record>

      <record id="m_e_user" model="res.groups">
        <field name="name">M&amp;E User</field>
        <field name="category_id" ref="module_category_sparkit"/>
      </record>

      <record id="f_a_user" model="res.groups">
        <field name="name">F&amp;A User</field>
        <field name="category_id" ref="module_category_sparkit"/>
      </record>

      <record id="management_homepage" model="res.groups">
        <field name="name">Homepage (Spark)</field>
        <field name="category_id" ref="module_category_sparkit"/>
      </record>

      <record id="aca_homepage" model="res.groups">
        <field name="name">Homepage (ACA)</field>
        <field name="category_id" ref="module_category_sparkit"/>
      </record>

      <record id="global" model="res.groups">
        <field name="name">Global User</field>
        <field name="implied_ids" eval="[(4, ref('sparkit.program_manager')),
            (4, ref('sparkit.m_e_user')),
            (4, ref('sparkit.f_a_user'))]"/>
        <field name="category_id" ref="module_category_sparkit"/>
      </record>

    </data>
</odoo>
