<?xml version="1.0" encoding="UTF-8"?>
<templates>

  <t t-name="ManagementHome">
    
        <htmlData>
          <![CDATA[<html>
                <body>
                  <iframe src="http://sparkit.sparkmicrogrants.org:8080/jasperserver/flow.html?_flowId=viewReportFlow&_flowId=viewReportFlow&ParentFolderUri=%2Fsparkit&reportUnit=%2Fsparkit%2FCommunity_Dashboard_Report_Odoo&standAlone=true&j_username=SparkData&j_password=EmpowerCommunity123&decorate=no" height="100%" width="100%" ></iframe>
                </body>
                </html>
             ]]>
        </htmlData>

  </t>

</templates>
